{
  "metadata": {
    "generatedAt": "2025-10-06T04:14:51.017Z",
    "tool": "Uniform Mass Generator",
    "version": "1.0.0",
    "samplingMethod": "uniform"
  },
  "constants": {
    "start": {
      "w": 0.3586352117801272,
      "x": -0.6344281897722202,
      "y": -0.624826614196899,
      "z": -0.2801309677365333
    },
    "wind": {
      "w": 0.20019197700698088,
      "x": -0.4311075644767308,
      "y": 0.8231863549471127,
      "z": 0.31053770338215625
    },
    "additive": {
      "x": 0.41647128423561874,
      "y": 0.046584109267691666,
      "z": 0.2088256472886976
    },
    "mode": 1,
    "modeName": "Flip Smallest"
  },
  "renderParams": {
    "batchSize": 7353,
    "projectionType": "simple",
    "imageSize": {
      "width": 1000,
      "height": 800
    },
    "cameraRotation": {
      "w": -0.4993183166967033,
      "x": 0.7481415988617692,
      "y": 0.10663719549482206,
      "z": 0.4237851757680128
    }
  }
}