{
  "metadata": {
    "generatedAt": "2025-10-06T19:40:46.978Z",
    "tool": "Uniform Mass Generator",
    "version": "1.0.0",
    "samplingMethod": "uniform"
  },
  "constants": {
    "start": {
      "w": -0.3014813917024236,
      "x": -0.7403408851038007,
      "y": 0.4126499373626389,
      "z": -0.4367200172828138
    },
    "wind": {
      "w": 0.5316765891766845,
      "x": 0.0005616373356912181,
      "y": -0.6441862372632655,
      "z": -0.5498579642103457
    },
    "additive": {
      "x": -0.8285604798315974,
      "y": 0.55018347787546,
      "z": -0.06670890438344532
    },
    "mode": 1,
    "modeName": "Flip Smallest"
  },
  "renderParams": {
    "batchSize": 2579,
    "projectionType": "simple",
    "imageSize": {
      "width": 800,
      "height": 600
    },
    "cameraRotation": {
      "w": 0.3126980352336017,
      "x": -0.31269861989109965,
      "y": 0.7196835310337112,
      "z": -0.5352523956397545
    }
  }
}