{
  "metadata": {
    "generatedAt": "2025-10-06T17:23:55.771Z",
    "tool": "Uniform Mass Generator",
    "version": "1.0.0",
    "samplingMethod": "uniform"
  },
  "constants": {
    "start": {
      "w": -0.20965413928116058,
      "x": 0.5917742188367369,
      "y": -0.6936345571735076,
      "z": 0.3531565048206782
    },
    "wind": {
      "w": 0.19362920566643085,
      "x": -0.49900187508982063,
      "y": -0.7026989372694598,
      "z": -0.46874200039062214
    },
    "additive": {
      "x": 0.07563361346297859,
      "y": 0.165444225406068,
      "z": -0.4046854612446209
    },
    "mode": 1,
    "modeName": "Flip Smallest"
  },
  "renderParams": {
    "batchSize": 3360,
    "projectionType": "simple",
    "imageSize": {
      "width": 1200,
      "height": 900
    },
    "cameraRotation": {
      "w": -0.9451821911927816,
      "x": -0.27168567204235594,
      "y": -0.12093951672800282,
      "z": 0.13487458749706208
    }
  }
}